<?xml version="1.0" encoding="UTF-8"?>
<!--
  Licensed to the Apache Software Foundation (ASF) under one or more
  contributor license agreements.  See the NOTICE file distributed with
  this work for additional information regarding copyright ownership.
  The ASF licenses this file to You under the Apache License, Version 2.0
  (the "License"); you may not use this file except in compliance with
  the License.  You may obtain a copy of the License at

      http://www.apache.org/licenses/LICENSE-2.0

   Unless required by applicable law or agreed to in writing, software
   distributed under the License is distributed on an "AS IS" BASIS,
   WITHOUT WARRANTIES OR CONDITIONS OF ANY KIND, either express or implied.
   See the License for the specific language governing permissions and
   limitations under the License.
  -->

<!DOCTYPE log4j:configuration SYSTEM "log4j.dtd">


<log4j:configuration xmlns:log4j="http://jakarta.apache.org/log4j/">
    <appender name="STDOUT-APPENDER" class="org.apache.log4j.ConsoleAppender">
        <param name="encoding" value="UTF-8"/>
        <param name="target" value="System.out"/>
        <layout class="org.apache.log4j.PatternLayout">
            <param name="ConversionPattern" value="%-5p %c{2} , %m%n"/>
        </layout>
    </appender>

    <appender name="RocketmqClientAppender" class="org.apache.log4j.RollingFileAppender">
        <param name="file" value="${client.logRoot}/rocketmq_client.log"/>
        <param name="append" value="true"/>
        <param name="encoding" value="UTF-8"/>
        <param name="maxFileSize" value="1073741824"/>
        <param name="maxBackupIndex" value="${client.logFileMaxIndex}"/>
        <layout class="org.apache.log4j.PatternLayout">
            <param name="ConversionPattern" value="%d{yyy-MM-dd HH\:mm\:ss,SSS} %p %c{1}(%L) - %m%n"/>
        </layout>
    </appender>

    <logger name="RocketmqClient" additivity="false">
        <level value="${client.logLevel}"/>
        <appender-ref ref="RocketmqClientAppender"/>
    </logger>

    <logger name="RocketmqCommon" additivity="false">
        <level value="${client.logLevel}"/>
        <appender-ref ref="RocketmqClientAppender"/>
    </logger>

    <logger name="RocketmqRemoting" additivity="false">
        <level value="${client.logLevel}"/>
        <appender-ref ref="RocketmqClientAppender"/>
    </logger>

</log4j:configuration>

