<?xml version="1.0" encoding="utf-8" ?>
<suite name="test15" parallel="false">
    <test name="ArchiveDateRepositoryImplTest" verbose="10">
        <classes>
            <class name="org.b3log.solo.repository.impl.ArchiveDateRepositoryImplTest"></class>
        </classes>
    </test>
    <test name="ArchiveRepositoryImplTest" verbose="10">
        <classes>
            <class name="org.b3log.solo.repository.impl.ArchiveRepositoryImplTest"></class>
        </classes>
    </test>
    <test name="CommentRepositoryImplTest" verbose="10">
        <classes>
            <class name="org.b3log.solo.repository.impl.CommentRepositoryImplTest"></class>
        </classes>
    </test>
    <test name="LoginProcessTest" verbose="10">
        <classes>
            <class name="org.b3log.solo.processor.LoginProcessTest"></class>
        </classes>
    </test>
    <test name="IndexProcessTest" verbose="10">
        <classes>
            <class name="org.b3log.solo.processor.IndexProcessTest"></class>
        </classes>
    </test>
    <test name="ArticleProcessTest" verbose="10">
        <classes>
            <class name="org.b3log.solo.processor.ArticleProcessTest"></class>
        </classes>
    </test>
</suite>