id,column,value,expectedoutput
index-TASK-014-TC-001,"{4,5,6,7,8}",4,com.github.lwhite1.tablesaw.util.BitmapBackedSelection@0
index-TASK-014-TC-002,"{5,4,6,7,8}",4,com.github.lwhite1.tablesaw.util.BitmapBackedSelection@1
index-TASK-014-TC-003,"{5,6,4,7,8}",4,com.github.lwhite1.tablesaw.util.BitmapBackedSelection@2
index-TASK-014-TC-004,"{-1,2,3,4,5,6,7,8,9,10,11,12,13}",4,com.github.lwhite1.tablesaw.util.BitmapBackedSelection@3
index-TASK-014-TC-005,"{Long.MIN_VALUE,4,5,6}",4,com.github.lwhite1.tablesaw.util.BitmapBackedSelection@1
index-TASK-014-TC-006,"{1,2,3,4,5,Long.MAX_VALUE}",4,com.github.lwhite1.tablesaw.util.BitmapBackedSelection@3
index-TASK-014-TC-007,"{1,2,3,4,5,Long.MAX_VALUE-1}",4,com.github.lwhite1.tablesaw.util.BitmapBackedSelection@3
