id,fileName,CSVWriter fileName,columnSeparator,skipHeader,expectedoutput
io-TASK-007-TC-001,io-TASK-007-data-in.csv,io-TASK-007-data-out.csv,",",FALSE,io-TASK-007-data-in.csv
io-TASK-007-TC-002,io-TASK-007-data-in.csv,io-TASK-007-data-out.csv,",",TRUE,io-TASK-007-data-in.csv(without header)
io-TASK-007-TC-003,,io-TASK-007-data-out.csv,",",FALSE,java.io.FileNotFoundException
io-TASK-007-TC-004,io-TASK-007-data-in.csv,,",",FALSE,java.io.FileNotFoundException
io-TASK-007-TC-005,io-TASK-008-data-in.csv,io-TASK-007-data-out.csv,",",FALSE,java.io.FileNotFoundException
io-TASK-007-TC-006,io-TASK-007-data-in.csv,io-TASK-007-data-out.csv,��,FALSE,columnSeparator value is wrong
