id,object,expectedoutput
store-TASK-033-TC-001,com.github.lwhite1.tablesaw.store.TableMetadata@fac63a8a,TRUE
store-TASK-033-TC-002,com.github.lwhite1.tablesaw.store.TableMetadata@d96ff499,FALSE
store-TASK-033-TC-003,"io-TASK-033-data-in.csv
id name     age bool 
1  zhangsan 13  0    
2  lisi     14  1    
3  wangwu   15  0",FALSE
store-TASK-033-TC-004,"io-TASK-033-data-out.csv
id name     age bool 
1  zhangsan 13  0    
2  lisi     14  1    
3  wangwu   15  0 ",FALSE
store-TASK-033-TC-005,"Column: id
1
2
3",FALSE
store-TASK-033-TC-006,"ColumnMetadata{id='0cf62ffd-b5fb-440a-9169-ef50397ffa56', name='id', type=SHORT_INT, size=3}",FALSE
store-TASK-033-TC-007,null,FALSE
