id,object,expectedoutput
store-TASK-002-TC-001,"ColumnMetadata{id='4944289c-187a-41bd-b950-5a20fba96dea', name='id', type=INTEGER, size=3}",TRUE
store-TASK-002-TC-002,"ColumnMetadata{id='6c2a8236-3173-4da1-893b-339638c1067b', name='name', type=CATEGORY, size=3}",FALSE
store-TASK-002-TC-003,"Column: name
zhangsan
lisi
wangwu",FALSE
store-TASK-002-TC-004,"Column: id
1
2
3",FALSE
store-TASK-002-TC-005,"io-TASK-018-data-in.csv
id name     age 
1  zhangsan 13  
2  lisi     14  
3  wangwu   15  
",FALSE
store-TASK-002-TC-006,null,FALSE
