id,intRange,intCollection,expectedoutput
util-TASK-046-TC-001,"[-10,10]","{-16,-15,-13}",FALSE
util-TASK-046-TC-002,"[-10,10]","{-12,-9,4}",FALSE
util-TASK-046-TC-003,"[-10,10]","{-10,-5,0}",TRUE
util-TASK-046-TC-004,"[-10,10]","{-5,0,5}",TRUE
util-TASK-046-TC-005,"[-10,10]","{0,5,10}",TRUE
util-TASK-046-TC-006,"[-10,10]","{6,9,12}",FALSE
util-TASK-046-TC-007,"[-10,10]","{14,16,18}",FALSE
util-TASK-046-TC-008,"(-10,10)","{-16,-15,-13}",FALSE
util-TASK-046-TC-009,"(-10,10)","{-12,-9,4}",FALSE
util-TASK-046-TC-010,"(-10,10)","{-10,-5,0}",FALSE
util-TASK-046-TC-011,"(-10,10)","{-5,0,5}",TRUE
util-TASK-046-TC-012,"(-10,10)","{0,5,10}",FALSE
util-TASK-046-TC-013,"(-10,10)","{6,9,12}",FALSE
util-TASK-046-TC-014,"(-10,10)","{14,16,18}",FALSE
util-TASK-046-TC-015,"(-10,10]","{-16,-15,-13}",FALSE
util-TASK-046-TC-016,"(-10,10]","{-12,-9,4}",FALSE
util-TASK-046-TC-017,"(-10,10]","{-10,-5,0}",FALSE
util-TASK-046-TC-018,"(-10,10]","{-5,0,5}",TRUE
util-TASK-046-TC-019,"(-10,10]","{0,5,10}",TRUE
util-TASK-046-TC-020,"(-10,10]","{6,9,12}",FALSE
util-TASK-046-TC-021,"(-10,10]","{14,16,18}",FALSE
util-TASK-046-TC-022,"[-10,10)","{-16,-15,-13}",FALSE
util-TASK-046-TC-023,"[-10,10)","{-12,-9,4}",FALSE
util-TASK-046-TC-024,"[-10,10)","{-10,-5,0}",TRUE
util-TASK-046-TC-025,"[-10,10)","{-5,0,5}",TRUE
util-TASK-046-TC-026,"[-10,10)","{0,5,10}",FALSE
util-TASK-046-TC-027,"[-10,10)","{6,9,12}",FALSE
util-TASK-046-TC-028,"[-10,10)","{14,16,18}",FALSE
util-TASK-046-TC-029,"[-10,10)",{},TRUE
