<?xml version="1.0" encoding="UTF-8"?>
<!--

    Copyright (c) 2010-2017, b3log.org & hacpai.com

    Licensed under the Apache License, Version 2.0 (the "License");
    you may not use this file except in compliance with the License.
    You may obtain a copy of the License at

        http://www.apache.org/licenses/LICENSE-2.0

    Unless required by applicable law or agreed to in writing, software
    distributed under the License is distributed on an "AS IS" BASIS,
    WITHOUT WARRANTIES OR CONDITIONS OF ANY KIND, either express or implied.
    See the License for the specific language governing permissions and
    limitations under the License.

-->
<!--
    Description: Cron job configurations.
    Version: 1.0.1.5, Nov 5, 2015
    Author: Liang Ding
-->
<cronentries>
    
    <cron>
        <url>/console/stat/onlineVisitorRefresh</url>
        <description>Online Visitor Refresher</description>
        <schedule>every 60 minutes</schedule>
    </cron>
    
    <cron>
        <url>/blog/symphony/user</url>
        <description>Sync user to https://hacpai.com</description>
        <schedule>every 24 hours</schedule>
    </cron>

</cronentries>
