<?xml version="1.0" encoding="utf-8"?>
<!--

    Copyright (c) 2010-2017, b3log.org & hacpai.com

    Licensed under the Apache License, Version 2.0 (the "License");
    you may not use this file except in compliance with the License.
    You may obtain a copy of the License at

        http://www.apache.org/licenses/LICENSE-2.0

    Unless required by applicable law or agreed to in writing, software
    distributed under the License is distributed on an "AS IS" BASIS,
    WITHOUT WARRANTIES OR CONDITIONS OF ANY KIND, either express or implied.
    See the License for the specific language governing permissions and
    limitations under the License.

-->
<!--
    Description: Static resources definition.
    Version: 2.7.6.6, Dec 10, 2016
    Author: Liang Ding
-->
<static-files>
    <!-- Uses the STANDARD Ant Path Pattern to configure these paths!  -->

    <include path="/favicon.ico"/>
    <include path="/favicon.png"/>
    <include path="/robots.txt"/>

    <include path="/js/**.js"/>
    <include path="/js/**/*.js"/>
    <include path="/js/**.css"/>
    <include path="/js/**/*.css"/>
    <include path="/js/**.htm"/>
    <include path="/js/**/*.htm"/>
    <include path="/js/**.html"/>
    <include path="/js/**/*.html"/>
    <include path="/js/**.gif"/>
    <include path="/js/**/*.gif"/>
    <include path="/js/**.png"/>
    <include path="/js/**/*.png"/>
    <include path="/js/**.jpg"/>
    <include path="/js/**/*.jpg"/>
    <include path="/js/**/*.swf"/>
    <include path="/js/**/*.eot"/>
    <include path="/js/**/*.svg"/>
    <include path="/js/**/*.ttf"/>
    <include path="/js/**/*.woff"/>

    <include path="/skins/**.css"/>
    <include path="/skins/**.css.map"/>
    <include path="/skins/**/*.css"/>
    <include path="/skins/**/*.css.map"/>
    <include path="/skins/**.js"/>
    <include path="/skins/**/*.js"/>
    <include path="/skins/**.png"/>
    <include path="/skins/**/*.png"/>
    <include path="/skins/**.jpg"/>
    <include path="/skins/**/*.jpg"/>
    <include path="/skins/**.swf"/>
    <include path="/skins/**/*.swf"/>
    <include path="/skins/**.gif"/>
    <include path="/skins/**/*.gif"/>
    <include path="/skins/**/*.eot"/>
    <include path="/skins/**/*.svg"/>
    <include path="/skins/**/*.ttf"/>
    <include path="/skins/**/*.woff"/>

    <include path="/css/**.css"/>
    <include path="/css/**/*.css"/>
    <include path="/css/fonts/*.eot"/>
    <include path="/css/fonts/*.svg"/>
    <include path="/css/fonts/*.ttf"/>
    <include path="/css/fonts/*.woff"/>

    <include path="/images/**.png"/>
    <include path="/images/**/*.png"/>
    <include path="/images/**.jpg"/>
    <include path="/images/**/*.jpg"/>
    <include path="/images/**.gif"/>
    <include path="/images/**/*.gif"/>

    <include path="/plugins/**.css"/>
    <include path="/plugins/**/*.css"/>
    <include path="/plugins/**.js"/>
    <include path="/plugins/**/*.js"/>
    <include path="/plugins/**.png"/>
    <include path="/plugins/**/*.png"/>
    <include path="/plugins/**.jpg"/>
    <include path="/plugins/**/*.jpg"/>
    <include path="/plugins/**.swf"/>
    <include path="/plugins/**/*.swf"/>
    <include path="/plugins/**.gif"/>
    <include path="/plugins/**/*.gif"/>
    <include path="/plugins/**.html"/>
    <include path="/plugins/**/*.html"/>
    <include path="/plugins/**.htm"/>
    <include path="/plugins/**/*.htm"/>

    <include path="/CHANGE_LOGS.html"/>
    <include path="/README.txt"/>
    <include path="/LICENSE.txt"/>

</static-files>
