id,year,month,day,expectedoutput,
column-TASK-057-TC-001,-30001,1,3,-11677166,
column-TASK-057-TC-002,-30000,2,4,-11676769,
column-TASK-057-TC-003,-20045,5,7,-8040688,
column-TASK-057-TC-004,1,4,23,-719050,
column-TASK-057-TC-005,1959,3,18,-3942,
column-TASK-057-TC-006,1970,1,1,0,
column-TASK-057-TC-007,2005,3,5,12847,
column-TASK-057-TC-008,10567,10,28,3140290,
column-TASK-057-TC-009,29987,11,20,10233322,
column-TASK-057-TC-010,30000,2,4,10237781,
column-TASK-057-TC-011,30001,7,3,10238296, 
